;Berlin;Hamburg;Munich;Cologne;Frankfurt am Main;Stuttgart;Düsseldorf;Leipzig;Dortmund;Essen;Bremen;Dresden;Hanover;Nuremberg;Duisburg;Bochum;Wuppertal;Bielefeld;Bonn;Münster;Karlsruhe;Mannheim;Augsburg;Wiesbaden;Mönchengladbach;Gelsenkirchen;Aachen;Braunschweig;Kiel;Chemnitz;Krefeld;Halle (Saale);Magdeburg;Freiburg im Breisgau;Oberhausen;Lübeck;Erfurt;Mainz;Rostock;Kassel;Hagen;Saarbrücken;Hamm;Mülheim an der Ruhr;Potsdam;Ludwigshafen am Rhein;Oldenburg;Leverkusen;Osnabrück;Solingen;Heidelberg;Herne;Neuss;Darmstadt;Paderborn;Regensburg;Ingolstadt;Würzburg;Fürth;Wolfsburg;Ulm;Heilbronn;Pforzheim;Göttingen;Bottrop;Trier;Recklinghausen;Reutlingen;Bremerhaven;Koblenz;Bergisch Gladbach;Jena;Erlangen;Remscheid;Moers;Siegen;Hildesheim;Salzgitter;Cottbus;Gütersloh;Kaiserslautern;Witten;Zwickau;Schwerin;Gera;Iserlohn;Ludwigsburg;Hanau;Esslingen am Neckar;Flensburg;Stralsund;Wilhelmshaven;Celle;Düren;Ratingen;Velbert;Marl;Lüneburg;Dessau-Roßlau;Konstanz
Berlin;0.0;255.25;504.42;477.26;423.53;511.62;477.2;149.1;421.45;453.35;315.6;165.0;249.41;378.02;470.53;438.96;451.47;335.89;478.11;398.26;525.43;482.63;494.3;450.02;500.64;446.4;540.8;197.27;295.76;191.09;485.49;150.34;128.71;639.22;461.78;234.88;236.35;455.65;195.18;300.78;426.83;578.53;393.16;462.92;27.19;484.48;355.43;468.67;364.4;460.55;479.72;436.45;483.69;442.97;329.51;400.53;440.04;387.22;378.2;177.68;517.82;477.11;522.03;262.3;456.62;563.44;436.04;537.31;341.86;469.23;464.1;216.82;366.21;451.82;479.02;413.37;237.67;212.71;105.93;349.11;523.24;431.2;209.94;182.47;204.14;410.88;500.11;409.27;509.67;363.14;200.09;370.76;224.94;513.91;469.61;455.51;441.83;216.49;109.54;617.0
Hamburg;255.25;0.0;612.43;356.46;392.99;533.98;338.31;294.02;283.83;308.22;94.98;376.89;131.85;461.9;321.28;297.05;319.81;195.58;369.96;238.01;517.22;464.02;579.51;404.52;357.14;299.63;407.78;146.99;86.28;362.6;337.38;264.61;193.25;635.55;311.46;57.46;293.93;413.47;150.73;251.32;297.23;522.38;255.33;316.29;242.74;465.45;126.49;344.19;192.37;331.43;470.67;291.68;344.1;419.32;220.14;525.37;541.29;418.08;458.2;136.23;572.65;493.19;525.86;223.54;306.23;481.83;286.68;565.31;93.35;391.49;344.87;311.32;446.06;325.07;326.24;326.41;155.28;157.45;354.16;212.72;482.75;294.64;358.15;93.36;329.61;287.37;520.48;387.77;536.8;142.68;219.02;124.39;103.41;388.0;329.02;317.36;287.73;43.73;243.51;655.62
Munich;504.42;612.43;0.0;456.27;304.59;190.72;487.6;360.84;477.69;493.72;583.62;359.43;489.51;151.05;504.09;486.27;471.03;484.59;434.43;510.46;253.12;273.24;57.02;325.33;501.3;495.29;493.87;465.74;695.52;314.65;505.59;374.84;443.17;278.29;504.06;640.25;319.36;318.85;663.4;384.25;465.37;358.24;476.95;498.01;484.75;273.92;605.25;461.28;524.91;467.99;255.35;490.58;490.22;288.13;446.77;104.88;71.15;219.19;155.42;480.09;121.66;207.12;228.72;397.13;503.16;403.21;497.95;180.23;636.69;380.76;451.72;310.46;167.03;462.91;512.2;398.4;461.68;455.2;448.12;477.68;316.03;476.8;294.75;611.75;307.03;455.39;195.39;293.74;180.89;754.94;694.37;645.6;510.19;472.93;489.02;482.42;506.6;574.32;414.47;186.6
Cologne;477.26;356.46;456.27;0.0;152.52;288.35;34.81;380.19;73.08;57.72;269.43;474.3;249.24;336.3;56.95;63.09;37.85;163.13;24.27;122.77;238.19;193.58;402.16;131.59;45.15;65.1;64.11;287.33;432.67;418.26;51.73;354.27;348.55;332.89;62.5;412.08;285.03;139.03;493.71;180.7;59.27;188.75;101.17;55.05;450.78;193.71;259.85;12.74;167.07;26.4;210.09;69.37;35.24;168.44;152.12;425.24;400.85;247.59;329.42;311.17;356.31;256.22;259.1;216.41;65.2;134.03;76.73;316.21;309.65;78.31;13.19;324.34;324.59;31.44;61.74;74.93;247.53;269.38;519.84;145.9;175.72;62.63;389.33;425.58;359.17;71.1;277.44;165.77;296.42;460.06;557.57;296.99;284.88;36.65;40.66;44.47;80.48;348.53;380.08;396.32
Frankfurt am Main;423.53;392.99;304.59;152.52;0.0;152.81;183.06;293.5;177.86;190.12;330.17;371.82;262.24;186.87;199.69;183.98;166.9;213.67;132.07;218.53;124.39;71.03;251.62;31.76;197.66;192.47;198.25;272.2;478.54;310.39;201.05;277.63;303.61;242.67;200.13;439.43;192.24;33.7;500.33;144.95;163.91;155.16;184.13;193.84;396.47;72.47;338.75;156.83;245.2;163.44;79.18;188.87;185.84;26.57;178.88;275.13;248.38;97.65;179.93;295.8;212.41;114.2;135.52;181.12;199.61;151.78;196.7;184.02;381.32;82.43;147.24;224.66;176.8;158.59;207.67;96.85;244.07;254.32;436.06;200.83;100.26;175.19;278.38;434.02;255.18;156.61;139.87;17.64;158.71;523.27;554.54;380.37;295.66;173.71;184.46;178.31;204.96;368.49;314.8;272.91
Stuttgart;511.62;533.98;190.72;288.35;152.81;0.0;322.43;364.82;328.09;335.76;479.27;412.57;402.18;157.01;342.29;331.92;311.66;364.79;264.56;370.94;62.49;94.78;133.97;160.08;331.44;339.5;314.52;399.85;620.25;352.13;339.96;361.85;410.16;131.39;344.67;575.48;278.99;151.33;624.65;282.88;313.16;167.59;336.61;337.73;486.33;94.7;490.37;296.15;397.81;305.73;78.62;337.36;323.57;127.92;328.65;214.99;164.37;125.99;152.79;420.99;72.38;40.85;38.01;311.91;345.14;214.13;345.5;31.66;531.37;210.05;287.12;294.9;160.81;302.79;348.92;247.75;379.7;383.92;493.58;352.81;127.86;324.06;321.29;561.96;312.79;307.77;13.53;151.3;9.83;669.4;671.51;532.06;432.38;297.33;326.04;322.83;353.21;504.51;403.97;122.08
Düsseldorf;477.2;338.31;487.6;34.81;183.06;322.43;0.0;389.55;57.59;30.26;248.04;486.06;240.15;363.56;23.0;41.75;26.45;150.67;59.07;100.56;272.91;227.71;434.1;164.38;23.63;38.85;69.71;283.09;411.29;432.12;18.0;361.88;349.05;367.17;30.52;394.91;298.35;172.23;479.85;188.49;50.4;221.57;87.58;23.67;451.25;227.9;234.58;26.51;146.2;21.61;243.99;46.71;6.51;200.73;147.86;452.51;430.53;275.78;356.75;306.08;389.75;289.56;293.66;220.81;34.61;164.61;51.82;350.58;284.82;112.52;35.95;338.02;351.18;29.68;26.94;95.83;242.47;265.92;526.41;134.2;210.48;46.94;404.4;412.3;373.08;66.67;311.31;195.05;330.36;434.91;545.1;269.93;274.7;51.31;9.31;22.21;52.52;334.25;384.45;431.09
Leipzig;149.1;294.02;360.84;380.19;293.5;364.82;389.55;0.0;340.75;372.1;310.8;100.35;214.86;229.12;389.39;357.94;363.13;275.64;374.76;334.64;383.56;344.98;346.67;323.02;412.92;367.02;443.87;163.67;364.53;68.61;401.94;33.03;100.86;494.09;382.35;303.05;101.64;327.02;306.64;201.05;340.9;447.47;317.59;381.26;126.13;346.85;346.9;374.44;315.18;369.7;339.73;357.39;395.69;309.12;253.61;259.39;294.0;242.57;229.16;162.36;368.73;331.98;377.88;171.78;377.91;442.03;359.64;389.52;354.75;353.13;367.73;71.39;217.13;360.85;398.85;307.93;189.36;166.85;143.21;282.84;389.86;348.39;69.57;263.62;55.28;324.26;353.78;277.41;362.32;430.88;333.59;376.55;212.12;415.72;383.79;370.13;367.3;250.51;56.12;468.05
Dortmund;421.45;283.83;477.69;73.08;177.86;328.09;57.59;340.75;0.0;32.07;196.38;439.12;182.56;343.2;49.48;17.6;35.99;93.23;90.03;50.93;286.6;236.14;427.08;168.63;80.09;26.27;126.59;226.24;359.6;387.87;64.03;311.66;293.91;391.74;41.68;339.83;254.94;177.82;423.23;141.47;16.29;254.96;30.02;41.61;395.81;236.78;188.25;60.56;94.1;47.6;250.19;16.81;64.01;200.66;92.09;431.01;415.78;259.67;336.67;248.94;390.25;291.28;304.32;169.54;37.16;204.63;21.46;358.27;237.58;128.91;62.53;294.47;329.4;41.69;58.56;81.01;185.51;209.38;474.56;76.62;231.44;10.94;361.88;355.45;329.4;22.5;315.77;185.34;334.89;387.89;488.08;226.65;217.15;104.5;49.05;35.4;30.4;277.68;331.52;443.88
Essen;453.35;308.22;493.72;57.72;190.12;335.76;30.26;372.1;32.07;0.0;217.78;470.07;212.78;363.86;17.44;14.47;24.19;122.66;80.09;70.34;289.72;241.83;441.59;175.83;49.98;8.6;99.58;257.74;381.03;418.03;32.3;343.29;325.93;388.96;11.19;364.93;284.67;184.44;450.45;172.0;32.84;246.34;60.61;9.57;427.76;242.23;204.73;45.56;116.0;32.52;257.17;17.47;35.88;210.54;124.12;452.39;434.01;278.02;357.18;280.19;400.84;300.88;309.19;201.25;9.49;191.5;21.58;364.96;254.9;128.7;52.11;324.32;350.66;33.17;26.76;95.69;216.96;241.07;506.49;106.77;230.11;23.75;391.48;383.11;359.33;48.75;324.04;199.98;343.19;405.13;516.01;240.66;246.75;81.31;20.95;13.7;23.02;304.89;363.55;448.0
Bremen;315.6;94.98;583.62;269.43;330.17;479.27;248.04;310.8;196.38;217.78;0.0;405.73;100.21;433.22;229.59;207.8;231.87;118.07;285.4;147.64;453.68;400.07;543.92;335.96;265.5;209.19;316.75;147.13;163.39;377.23;245.46;278.1;218.59;568.95;219.89;152.32;278.31;345.32;245.04;201.8;211.08;445.02;170.02;225.26;297.0;401.28;39.83;256.83;102.41;243.55;409.35;202.03;253.51;356.7;151.3;507.43;513.53;374.21;428.41;152.23;526.82;438.66;465.64;187.03;214.81;399.44;196.24;510.93;53.24;314.02;258.75;306.03;417.25;238.07;233.84;250.84;129.07;146.18;402.8;133.48;411.22;206.82;364.7;183.25;332.3;203.68;465.82;328.46;483.51;195.25;313.15;66.55;99.76;298.76;238.74;228.04;196.26;108.92;271.06;601.18
Dresden;165.0;376.89;359.43;474.3;371.82;412.57;486.06;100.35;439.12;470.07;405.73;0.0;312.78;259.53;487.22;456.08;459.8;375.99;466.79;434.77;443.44;412.87;361.17;402.96;509.17;465.35;537.2;259.58;437.82;62.3;499.21;132.65;188.15;543.94;480.53;375.04;189.51;405.43;355.89;298.15;438.34;520.53;416.87;479.07;156.06;414.72;443.09;469.46;415.44;465.69;404.3;455.85;492.05;383.0;353.4;254.85;303.11;302.38;262.22;254.08;399.19;386.21;433.04;271.22;476.25;523.37;458.46;432.22;446.55;439.67;462.24;150.97;252.6;456.92;496.78;400.48;288.42;264.96;88.7;383.04;461.76;446.32;94.7;328.31;117.45;421.77;403.61;354.63;407.97;505.74;365.03;470.33;306.03;508.98;480.77;467.35;466.31;333.31;135.49;499.67
Hanover;249.41;131.85;489.51;249.24;262.24;402.18;240.15;214.86;182.56;212.78;100.21;312.78;0.0;338.49;229.03;199.08;216.73;90.33;257.55;150.86;386.11;333.19;452.97;275.8;262.4;204.93;308.54;55.31;218.09;279.52;244.92;181.84;132.13;504.9;219.59;177.46;178.7;284.45;247.46;119.49;191.93;398.06;152.62;222.14;226.17;334.66;133.08;238.31;114.99;227.46;339.27;195.33;246.57;288.36;98.88;409.4;418.76;287.81;334.14;71.73;442.35;361.38;394.21;93.65;214.23;363.3;193.21;433.55;150.62;269.3;236.42;205.82;322.49;219.56;236.54;204.33;29.0;48.02;321.9;106.07;354.79;193.25;265.35;179.13;232.59;178.24;388.67;256.31;405.1;269.5;309.23;166.65;36.18;284.45;231.54;217.94;197.66;107.07;181.77;523.91
Nuremberg;378.02;461.9;151.05;336.3;186.87;157.01;363.56;229.12;343.2;363.86;433.22;259.53;338.49;0.0;376.63;354.31;343.18;337.93;317.7;369.85;200.3;188.68;120.98;215.3;380.94;363.9;385.12;315.58;545.58;201.69;381.17;235.97;299.23;287.02;374.8;491.48;170.46;212.08;520.74;235.84;332.96;296.45;337.74;369.65;355.18;190.18;456.07;338.52;379.49;342.51;173.99;357.74;367.35;180.73;300.53;88.98;80.36;89.28;6.94;330.94;141.38;139.6;184.02;246.39;372.97;321.61;364.36;173.46;486.16;269.25;329.02;168.02;16.0;336.02;385.57;268.85;310.63;304.5;344.1;332.59;240.55;344.22;173.37;465.71;173.9;320.73;150.28;171.48;151.06;604.25;557.27;495.95;359.35;360.24;363.11;354.2;373.27;424.47;277.81;241.93
Duisburg;470.53;321.28;504.09;56.95;199.69;342.29;23.0;389.39;49.48;17.44;229.59;487.22;229.03;376.63;0.0;31.89;33.48;138.74;80.98;83.48;294.08;247.79;451.29;183.14;35.92;24.24;87.26;274.67;392.39;434.9;16.24;360.67;343.24;389.8;9.84;378.26;301.41;191.36;464.86;189.09;49.2;244.55;77.5;8.15;445.01;248.07;214.17;46.75;128.94;36.68;263.7;34.12;26.11;218.81;141.45;465.38;445.54;289.92;369.89;296.96;408.67;308.5;314.38;218.65;15.19;187.52;35.98;370.9;264.48;133.1;55.31;341.09;363.74;41.2;9.67;107.79;233.89;258.13;523.93;123.21;232.5;41.01;408.14;397.8;376.12;65.56;330.91;210.57;350.02;414.21;530.78;248.61;262.62;72.76;16.49;22.5;33.55;319.42;380.98;452.39
Bochum;438.96;297.05;486.27;63.09;183.98;331.92;41.75;357.94;17.6;14.47;207.8;456.08;199.08;354.31;31.89;0.0;25.49;109.21;83.18;60.27;287.85;238.73;434.79;171.86;63.32;9.88;111.42;243.51;371.19;404.38;46.56;329.01;311.49;389.87;24.45;353.48;271.18;180.76;438.1;158.15;21.36;249.74;46.57;24.02;413.35;239.23;196.84;50.37;105.49;36.7;253.53;6.37;47.95;205.5;109.67;442.57;425.57;269.41;347.7;266.07;395.76;296.14;306.57;186.93;20.45;196.86;14.47;361.59;246.74;127.78;54.75;310.79;340.85;33.64;41.06;87.91;202.75;226.76;492.08;93.02;230.14;10.42;378.07;370.55;345.77;35.74;319.92;192.84;339.08;397.14;503.36;233.92;233.32;91.09;32.72;20.32;21.3;292.51;349.1;445.84
Wuppertal;451.47;319.81;471.03;37.85;166.9;311.66;26.45;363.13;35.99;24.19;231.87;459.8;216.73;343.18;33.48;25.49;0.0;128.44;57.81;84.93;265.57;217.66;418.51;151.81;50.02;29.43;91.81;258.16;395.21;406.14;40.38;335.42;323.16;365.59;33.31;375.81;272.39;160.36;458.89;162.08;24.98;224.44;65.38;26.98;425.42;218.05;222.02;25.12;129.47;11.68;233.06;31.85;32.75;186.79;122.56;431.95;412.14;256.46;336.43;281.41;377.02;276.98;285.0;194.41;33.49;171.39;39.63;340.8;271.8;104.63;29.36;312.08;330.33;9.0;42.46;74.32;217.69;240.75;499.97;111.49;206.35;25.19;378.65;391.0;347.14;40.6;299.99;177.36;319.14;422.21;523.48;259.34;251.8;68.63;21.41;11.41;44.73;313.41;358.11;423.84
Bielefeld;335.89;195.58;484.59;163.13;213.67;364.79;150.67;275.64;93.23;122.66;118.07;375.99;90.33;337.93;138.74;109.21;128.44;0.0;174.84;62.54;336.3;282.77;440.33;218.01;172.48;114.7;219.8;138.63;276.11;332.28;154.69;243.79;211.75;450.95;129.27;249.93;208.28;227.41;330.66;103.11;104.24;328.57;63.23;131.95;311.33;283.92;125.64;151.43;43.21;139.62;292.76;105.19;157.01;240.04;37.9;419.65;416.76;268.13;332.3;159.6;416.58;324.62;349.12;109.58;123.9;286.27;102.89;396.38;167.87;197.34;150.89;244.63;322.43;132.32;146.21;133.21;98.36;123.75;399.09;17.3;293.23;104.1;311.18;262.64;277.38;92.55;351.47;213.49;369.65;313.2;395.04;167.34;124.12;196.95;141.86;128.55;107.42;185.4;255.43;486.12
Bonn;478.11;369.96;434.43;24.27;132.07;264.56;59.07;374.76;90.03;80.09;285.4;466.79;257.55;317.7;80.98;83.18;57.81;174.84;0.0;140.88;213.95;169.78;379.9;109.17;67.34;86.77;71.47;292.04;448.06;409.42;75.88;350.24;349.57;309.22;85.96;424.76;277.29;116.17;503.95;178.41;74.52;166.64;115.49;78.51;451.34;169.87;278.27;34.75;183.66;47.62;186.48;89.55;59.33;146.31;158.93;406.45;380.28;228.57;310.78;316.27;332.97;233.01;234.97;215.93;88.21;114.6;97.43;292.2;327.59;54.7;28.45;316.06;306.55;49.61;86.0;66.85;253.18;273.72;515.92;157.56;151.54;80.56;379.71;435.62;350.54;82.6;253.79;146.35;272.72;477.85;566.74;316.35;293.59;43.91;64.55;66.45;102.22;359.54;378.21;372.06
Münster;398.26;238.01;510.46;122.77;218.53;370.94;100.56;334.64;50.93;70.34;147.64;434.77;150.86;369.85;83.48;60.27;84.93;62.54;140.88;0.0;333.02;281.29;462.14;213.68;119.22;61.73;169.8;201.0;311.0;388.28;99.69;303.46;274.23;440.79;73.64;294.86;259.49;223.09;381.55;146.81;66.95;305.74;34.43;78.29;373.82;282.08;137.41;110.05;45.68;96.53;294.25;54.41;106.2;243.02;82.25;455.53;445.73;291.26;363.66;221.45;429.99;332.73;349.49;164.37;68.34;255.44;48.76;401.75;186.95;178.35;113.06;297.69;355.15;91.88;89.21;123.86;160.87;186.28;460.98;51.93;280.41;60.45;365.16;314.73;331.64;65.26;358.21;223.35;377.15;337.35;447.73;175.74;182.42;151.12;91.25;80.44;49.99;236.26;317.19;488.96
Karlsruhe;525.43;517.22;253.12;238.19;124.39;62.49;272.91;383.56;286.6;289.72;453.68;443.44;386.11;200.3;294.08;287.85;265.57;336.3;213.95;333.02;0.0;53.63;196.27;119.71;279.23;294.48;257.43;392.36;602.88;381.5;289.81;375.3;414.3;119.47;297.66;562.87;289.12;110.22;620.32;267.6;270.84;105.61;299.48;290.42;499.11;52.4;460.16;247.35;364.81;258.23;47.75;293.71;273.24;97.93;302.6;269.68;222.56;142.06;194.79;415.16;134.34;60.7;24.78;301.59;298.82;152.25;302.0;82.04;504.16;161.15;238.9;312.2;199.91;256.57;299.8;209.47;366.81;375.08;519.55;322.47;67.68;281.08;349.47;555.1;335.44;268.08;58.81;130.1;72.31;647.41;671.77;501.52;418.92;242.58;277.61;276.28;309.02;491.78;416.04;158.34
Mannheim;482.63;464.02;273.24;193.58;71.03;94.78;227.71;344.98;236.14;241.83;400.07;412.87;333.19;188.68;247.79;238.73;217.66;282.77;169.78;281.29;53.63;0.0;216.75;67.66;236.75;245.94;222.1;341.37;549.56;350.57;245.21;333.59;367.46;171.72;250.46;510.26;246.9;58.35;569.58;215.29;220.74;109.88;247.42;243.43;455.93;1.88;406.9;201.49;311.89;211.33;17.89;244.36;228.8;44.87;248.97;269.07;229.79;112.31;182.24;364.57;164.13;66.22;68.25;250.31;251.14;134.94;252.59;123.17;450.64;115.27;192.54;273.87;184.05;208.73;254.27;157.43;314.54;323.79;484.49;269.1;52.08;231.34;318.17;503.78;300.28;216.8;84.18;78.41;102.99;593.79;622.39;448.34;366.39;203.46;231.48;228.71;260.02;439.25;373.12;207.83
Augsburg;494.3;579.51;57.02;402.16;251.62;133.97;434.1;346.67;427.08;441.59;543.92;361.17;452.97;120.98;451.29;434.79;418.51;440.33;379.9;462.14;196.27;216.75;0.0;270.74;447.03;443.58;438.02;434.28;664.09;309.69;452.09;355.98;420.19;230.26;451.71;611.19;290.85;263.9;641.7;342.58;414.17;301.56;428.2;445.46;472.62;217.37;563.19;407.67;479.41;414.93;198.86;439.35;436.47;233.72;402.43;113.65;58.72;172.31;123.23;450.65;67.3;150.54;171.98;359.5;451.06;346.2;446.91;125.67;597.16;325.83;398.15;288.6;135.82;410.21;459.16;346.91;426.06;422.17;449.18;432.21;259.02;425.57;285.36;586.5;291.49;404.99;138.38;241.97;124.16;721.19;677.46;604.13;476.32;417.62;435.93;429.92;455.43;543.29;397.36;149.6
Wiesbaden;450.02;404.52;325.33;131.59;31.76;160.08;164.38;323.02;168.63;175.83;335.96;402.96;275.8;215.3;183.14;171.86;151.81;218.01;109.17;213.68;119.71;67.66;270.74;0.0;176.31;179.44;171.26;291.1;489.12;341.71;182.26;305.9;327.86;233.01;184.98;453.19;221.46;9.5;518.25;162.69;153.39;129.17;179.92;178.17;422.87;68.41;340.85;137.88;245.19;146.47;81.69;177.35;166.28;37.24;186.01;302.69;272.69;126.72;208.38;315.2;225.55;125.36;135.91;200.83;185.25;120.42;185.52;189.8;385.6;55.72;128.54;254.97;206.09;143.02;190.28;89.88;260.17;272.79;465.93;203.57;79.23;164.15;309.78;451.12;286.05;149.14;148.22;49.4;167.38;530.66;574.38;382.09;310.44;148.3;167.15;163.07;193.16;382.81;341.99;275.49
Mönchengladbach;500.64;357.14;501.3;45.15;197.66;331.44;23.63;412.92;80.09;49.98;265.5;509.17;262.4;380.94;35.92;63.32;50.02;172.48;67.34;119.22;279.23;236.75;447.03;176.31;0.0;58.3;51.59;306.17;428.2;454.86;20.2;385.39;372.57;367.85;45.7;414.07;321.11;183.48;500.26;211.88;73.96;219.32;109.82;41.14;474.74;236.77;249.48;42.93;164.78;43.56;253.63;67.4;17.28;213.32;171.2;469.91;445.98;292.44;374.07;329.0;400.24;300.33;300.98;244.43;50.91;159.67;70.98;358.6;299.79;121.99;52.16;360.74;369.01;52.26;32.71;115.71;265.49;289.12;550.0;156.33;214.6;69.76;426.87;433.01;395.78;90.29;320.88;210.79;339.74;449.18;565.94;283.11;296.6;41.96;31.13;45.17;69.43;354.73;408.08;436.59
Gelsenkirchen;446.4;299.63;495.29;65.1;192.47;339.5;38.85;367.02;26.27;8.6;209.19;465.35;204.93;363.9;24.24;9.88;29.43;114.7;86.77;61.73;294.48;245.94;443.58;179.44;58.3;0.0;108.16;250.44;372.46;413.89;39.99;337.91;319.24;395.01;15.54;356.35;280.79;188.21;442.01;167.57;31.07;253.32;53.29;17.28;420.92;246.4;196.38;52.67;107.4;39.22;261.0;9.96;44.48;213.56;117.57;452.21;434.88;278.75;357.27;272.72;403.89;304.1;313.57;195.78;10.9;199.1;12.98;368.96;246.52;133.8;58.46;320.38;350.49;38.32;32.7;96.89;209.66;233.94;500.64;99.03;235.74;20.3;387.7;374.71;355.34;45.59;327.62;201.7;346.79;396.78;507.64;232.54;238.71;89.81;29.54;20.63;15.46;296.46;357.48;452.65
Aachen;540.8;407.78;493.87;64.11;198.25;314.52;69.71;443.87;126.59;99.58;316.75;537.2;308.54;385.12;87.26;111.42;91.81;219.8;71.47;169.8;257.43;222.1;438.02;171.26;51.59;108.16;0.0;349.3;479.65;480.38;71.79;418.25;412.14;333.89;96.89;464.5;347.72;176.33;549.51;244.78;116.7;182.74;156.57;91.58;514.42;221.71;301.06;72.15;215.48;81.36;239.84;116.39;63.73;208.04;213.61;473.3;443.76;295.86;378.18;372.8;385.75;288.04;280.86;280.44;101.94;120.61;121.1;339.05;351.37;116.03;77.07;386.76;374.75;89.7;84.17;136.74;309.05;331.63;583.87;203.05;190.11;115.7;450.9;481.89;421.4;131.33;305.37;213.91;323.5;500.67;614.61;334.43;343.51;28.22;78.91;91.44;120.5;403.91;444.17;410.95
Braunschweig;197.27;146.99;465.74;287.33;272.2;399.85;283.09;163.67;226.24;257.74;147.13;259.58;55.31;315.58;274.67;243.51;258.16;138.63;292.04;201.0;392.36;341.37;434.28;291.1;306.17;250.44;349.3;0.0;230.01;230.4;290.03;131.02;76.82;511.81;265.66;177.85;146.95;298.88;228.22;128.42;233.21;418.32;197.18;267.28;172.97;343.01;183.63;277.51;168.7;268.04;344.66;240.56;289.6;296.89;135.7;378.62;394.59;278.4;312.12;24.57;431.78;359.74;397.1;91.12;260.41;390.42;239.62;430.36;192.33;294.74;274.19;166.27;299.85;259.61;282.86;232.23;40.78;18.67;266.62;152.19;370.02;236.41;219.66;162.86;188.45;218.01;386.56;262.97;401.45;289.67;283.35;213.02;49.62;323.61;275.04;261.05;245.06;109.01;126.91;519.57
Kiel;295.76;86.28;695.52;432.67;478.54;620.25;411.29;364.53;359.6;381.03;163.39;437.82;218.09;545.58;392.39;371.19;395.21;276.11;448.06;311.0;602.88;549.56;664.09;489.12;428.2;372.46;479.65;230.01;0.0;432.16;408.07;337.75;264.62;720.89;382.76;62.79;376.22;498.18;131.06;337.54;374.04;604.59;332.58;388.33;290.29;550.95;181.55;420.11;265.77;406.88;556.53;365.4;416.67;504.95;303.64;605.93;624.39;504.07;542.13;215.87;658.59;579.46;611.88;309.65;377.77;561.49;359.52;651.58;133.35;473.37;421.8;390.37;529.85;401.27;396.16;408.76;241.38;242.07;400.74;292.8;566.82;370.11;431.66;113.3;405.38;365.78;606.75;473.69;623.08;68.08;191.92;159.48;189.13;462.11;401.99;391.42;359.26;121.19;310.56;741.9
Chemnitz;191.09;362.6;314.65;418.26;310.39;352.13;432.12;68.61;387.87;418.03;377.23;62.3;279.52;201.69;434.9;404.38;406.14;332.28;409.42;388.28;381.5;350.57;309.69;341.71;454.86;413.89;480.38;230.4;432.16;0.0;446.08;99.73;169.38;483.5;428.77;370.27;133.77;343.92;367.25;246.42;385.73;458.33;367.55;426.76;174.06;352.42;412.4;414.18;373.58;411.3;342.05;404.68;437.92;321.0;306.08;210.11;253.09;240.2;203.75;230.56;342.71;324.72;371.56;223.99;424.75;462.11;407.93;372.85;422.34;379.96;406.56;94.12;193.43;402.65;444.54;343.76;252.69;231.76;142.45;337.36;399.54;394.36;32.42;328.9;59.12;369.36;342.79;293.09;347.9;498.86;387.25;443.37;279.45;452.21;427.37;414.31;416.11;319.05;121.76;443.37
Krefeld;485.49;337.38;505.59;51.73;201.05;339.96;18.0;401.94;64.03;32.3;245.46;499.21;244.92;381.17;16.24;46.56;40.38;154.69;75.88;99.69;289.81;245.21;452.09;182.26;20.2;39.99;71.79;290.03;408.07;446.08;0.0;373.66;357.9;382.21;26.07;394.41;312.38;190.04;481.1;201.12;61.05;235.18;92.91;22.81;459.83;245.36;229.28;44.44;145.09;38.69;261.6;49.65;16.58;218.68;156.09;470.1;448.44;293.55;374.37;312.49;407.53;307.36;310.82;231.92;31.43;176.72;52.13;367.93;279.59;129.94;53.94;352.07;368.69;45.82;12.85;112.94;249.26;273.32;537.48;138.97;226.67;54.59;418.8;414.04;387.14;77.7;328.94;212.98;347.96;429.03;547.02;263.04;278.67;59.9;18.97;31.86;49.72;335.67;394.87;447.84
Halle (Saale);150.34;264.61;374.84;354.27;277.63;361.85;361.88;33.03;311.66;343.29;278.1;132.65;181.84;235.97;360.67;329.01;335.42;243.79;350.24;303.46;375.3;333.59;355.98;305.9;385.39;337.91;418.25;131.02;337.75;99.73;373.66;0.0;73.2;488.91;353.33;277.19;86.69;310.65;288.74;173.87;312.63;432.66;287.63;352.57;124.56;335.45;314.0;347.9;282.83;342.49;329.95;328.17;368.11;295.33;223.12;276.31;306.06;236.97;235.05;131.0;372.25;326.86;371.69;142.14;348.76;423.18;330.07;388.19;322.65;332.06;341.59;68.66;222.59;333.6;370.03;283.45;156.36;133.82;165.7;251.56;376.07;319.67;93.97;240.88;69.38;295.98;350.14;262.38;360.23;403.27;321.48;344.02;179.81;390.24;355.77;341.96;337.53;221.44;42.47;469.96
Magdeburg;128.71;193.25;443.17;348.55;303.61;410.16;349.05;100.86;293.91;325.93;218.59;188.15;132.13;299.23;343.24;311.49;323.16;211.75;349.57;274.23;414.3;367.46;420.19;327.86;372.57;319.24;412.14;76.82;264.62;169.38;357.9;73.2;0.0;531.86;334.72;204.0;132.87;334.28;221.51;173.09;298.65;457.02;266.24;335.5;102.31;369.25;256.86;340.02;244.63;332.07;367.08;309.28;355.54;325.29;201.82;347.11;373.22;284.29;297.34;66.37;429.67;372.36;414.51;134.1;329.66;437.76;309.35;438.64;258.41;342.71;335.39;132.73;284.71;323.31;351.94;285.27;114.01;88.4;189.81;223.61;403.86;303.42;167.04;169.14;141.81;282.56;397.6;290.91;409.93;330.42;261.9;282.42;118.94;385.2;341.65;327.53;315.57;149.68;52.7;524.26
Freiburg im Breisgau;639.22;635.55;278.29;332.89;242.67;131.39;367.17;494.09;391.74;388.96;568.95;543.94;504.9;287.02;389.8;389.87;365.59;450.95;309.22;440.79;119.47;171.72;230.26;233.01;367.85;395.01;333.89;511.81;720.89;483.5;382.21;488.91;531.86;0.0;395.17;681.96;403.95;223.67;739.7;386.84;375.5;151.35;408.63;387.72;613.39;170.23;572.64;343.96;476.24;356.47;167.15;396.09;365.97;216.57;418.8;333.4;278.04;252.05;283.26;534.54;165.17;162.22;117.55;421.05;397.35;213.7;404.33;114.77;618.26;262.83;336.85;423.37;291.85;356.75;393.73;320.05;486.09;494.55;624.77;436.23;160.39;384.66;452.56;674.57;443.08;375.61;141.01;249.44;136.2;763.64;790.6;613.48;538.06;327.03;373.55;375.25;410.27;610.93;530.48;105.57
Oberhausen;461.78;311.46;504.06;62.5;200.13;344.67;30.52;382.35;41.68;11.19;219.89;480.53;219.59;374.8;9.84;24.45;33.31;129.27;85.96;73.64;297.66;250.46;451.71;184.98;45.7;15.54;96.89;265.66;382.76;428.77;26.07;353.33;334.72;395.17;0.0;368.43;295.5;193.44;455.03;182.59;43.97;251.04;68.62;7.45;436.35;250.81;204.87;51.24;119.11;39.43;266.06;25.48;34.7;220.09;133.09;463.38;444.68;288.75;368.11;287.8;410.29;310.22;317.51;211.22;5.4;194.85;26.39;373.63;255.17;136.51;58.93;335.13;361.66;41.97;17.24;106.38;224.87;249.26;516.16;113.93;237.06;34.44;402.35;387.99;370.12;59.68;333.09;210.33;352.23;405.04;520.98;239.69;253.04;81.44;22.24;21.94;23.73;309.61;373.02;456.0
Lübeck;234.88;57.46;640.25;412.08;439.43;575.48;394.91;303.05;339.83;364.93;152.32;375.04;177.46;491.48;378.26;353.48;375.81;249.93;424.76;294.86;562.87;510.26;611.19;453.19;414.07;356.35;464.5;177.85;62.79;370.27;394.41;277.19;204.0;681.96;368.43;0.0;321.16;461.88;95.75;295.32;352.82;573.91;310.93;373.13;228.16;511.76;182.12;399.95;249.32;387.38;515.71;348.22;400.78;465.39;271.64;548.34;569.3;455.82;488.41;160.57;609.56;534.96;569.96;263.6;363.17;535.47;343.43;606.4;143.26;443.7;400.26;332.42;475.97;380.79;383.38;378.43;196.37;192.21;339.13;267.2;532.06;350.7;370.84;53.49;345.53;342.31;562.06;432.81;577.61;130.82;163.81;173.94;143.97;444.22;385.64;373.75;344.71;71.16;248.54;696.17
Erfurt;236.35;293.93;319.36;285.03;192.24;278.99;298.35;101.64;254.94;284.67;278.31;189.51;178.7;170.46;301.41;271.18;272.39;208.28;277.29;259.49;289.12;246.9;290.85;221.46;321.11;280.79;347.72;146.95;376.22;133.77;312.38;86.69;132.87;403.95;295.5;321.16;0.0;225.63;353.02;114.11;252.21;346.82;236.12;293.29;210.0;248.76;307.61;280.61;251.2;277.55;243.42;271.74;304.16;208.98;177.66;232.2;248.29;153.09;167.67;160.76;296.91;242.5;286.45;99.19;291.61;340.41;275.37;306.7;329.32;252.32;273.14;39.7;155.13;268.89;311.07;210.98;149.71;138.22;244.78;210.4;289.79;261.06;106.95;295.82;74.76;235.93;266.79;176.49;278.19;436.61;394.67;344.18;193.46;319.5;293.64;280.64;283.74;255.04;126.93;391.52
Mainz;455.65;413.47;318.85;139.03;33.7;151.33;172.23;327.02;177.82;184.44;345.32;405.43;284.45;212.08;191.36;180.76;160.36;227.41;116.17;223.09;110.22;58.35;263.9;9.5;183.48;188.21;176.33;298.88;498.18;343.92;190.04;310.65;334.28;223.67;193.44;461.88;225.63;0.0;526.31;170.54;162.48;122.96;189.37;186.56;428.54;59.06;350.34;145.76;254.69;154.71;72.79;186.3;173.93;31.84;195.23;298.83;267.44;124.25;205.18;322.89;217.52;117.33;126.59;208.35;193.83;118.51;194.5;180.83;395.04;61.94;136.51;258.34;203.44;151.51;198.34;99.33;268.44;280.64;469.68;213.03;71.14;173.17;311.84;459.31;288.86;158.47;139.65;50.83;158.79;539.97;582.06;391.58;318.94;154.19;175.27;171.56;202.06;391.41;347.29;266.18
Rostock;195.18;150.73;663.4;493.71;500.33;624.65;479.85;306.64;423.23;450.45;245.04;355.89;247.46;520.74;464.86;438.1;458.89;330.66;503.95;381.55;620.32;569.58;641.7;518.25;500.26;442.01;549.51;228.22;131.06;367.25;481.1;288.74;221.51;739.7;455.03;95.75;353.02;526.31;0.0;355.87;434.89;643.78;393.51;459.13;199.83;571.22;277.04;482.09;336.82;470.2;572.58;433.29;485.97;525.11;346.15;564.76;594.04;500.3;518.83;205.16;649.61;585.26;624.25;319.33;449.67;610.74;429.28;654.38;238.97;516.41;481.3;353.65;506.2;462.97;470.74;451.67;258.49;246.02;299.8;347.83;597.42;434.17;376.09;68.38;357.53;422.78;611.6;491.17;625.44;188.38;68.31;269.54;211.3;527.5;470.73;458.1;431.51;145.6;250.86;742.04
Kassel;300.78;251.32;384.25;180.7;144.95;282.88;188.49;201.05;141.47;172.0;201.8;298.15;119.49;235.84;189.09;158.15;162.08;103.11;178.41;146.81;267.6;215.29;342.58;162.69;211.88;167.57;244.78;128.42;337.54;246.42;201.12;173.87;173.09;386.84;182.59;295.32;114.11;170.54;355.87;0.0;140.19;290.2;122.04;180.94;273.8;216.85;221.05;174.05;145.84;168.75;220.38;158.28;194.63;170.45;67.36;316.57;315.37;172.45;230.43;152.59;325.79;242.05;274.91;39.5;178.45;265.61;161.54;314.33;255.0;170.07;167.89;153.34;220.16;159.87;198.67;112.7;99.26;110.11;339.23;100.73;241.68;148.26;220.94;289.19;188.12;123.61;269.36;137.5;286.04;387.08;411.74;261.68;151.36;216.94;182.82;169.28;169.8;224.2;199.85;404.78
Hagen;426.83;297.23;465.37;59.27;163.91;313.16;50.4;340.9;16.29;32.84;211.08;438.34;191.93;332.96;49.2;21.36;24.98;104.24;74.52;66.95;270.84;220.74;414.17;153.39;73.96;31.07;116.7;233.21;374.04;385.73;61.05;312.63;298.65;375.5;43.97;352.82;252.21;162.48;434.89;140.19;0.0;238.81;41.9;41.09;400.86;221.33;204.04;47.25;109.14;35.55;235.05;25.21;56.89;186.09;97.67;421.21;404.38;248.2;326.35;256.44;376.08;276.77;288.84;171.03;40.94;189.06;32.81;343.16;253.16;112.67;47.78;291.89;319.49;28.09;58.86;67.3;192.72;215.85;476.66;87.13;215.23;11.43;358.94;366.88;326.93;16.65;300.97;172.21;320.11;403.36;499.17;242.69;227.13;92.79;43.34;29.36;41.27;289.55;334.35;428.35
Saarbrücken;578.53;522.38;358.24;188.75;155.16;167.59;221.57;447.47;254.96;246.34;445.02;520.53;398.06;296.45;244.55;249.74;224.44;328.57;166.64;305.74;105.61;109.88;301.56;129.17;219.32;253.32;182.74;418.32;604.59;458.33;235.18;432.66;457.02;151.35;251.04;573.91;346.82;122.96;643.78;290.2;238.81;0.0;276.74;243.64;551.43;108.15;442.23;200.79;345.97;214.11;122.71;256.11;219.49;138.51;302.44;372.22;327.28;222.04;290.26;442.66;237.99;161.25;129.59;329.02;253.94;62.35;264.05;181.66;490.51;131.24;195.08;377.45;293.0;216.1;247.3;195.99;385.32;399.8;589.12;312.15;58.86;246.34;425.93;576.0;406.02;242.69;164.36;170.34;177.4;639.77;701.56;481.42;433.67;177.72;228.89;232.84;268.78;504.81;469.95;236.48
Hamm;393.16;255.33;476.95;101.17;184.13;336.61;87.58;317.59;30.02;60.61;170.02;416.87;152.62;337.74;77.5;46.57;65.38;63.23;115.49;34.43;299.48;247.42;428.2;179.92;109.82;53.29;156.57;197.18;332.58;367.55;92.91;287.63;266.24;408.63;68.62;310.93;236.12;189.37;393.51;122.04;41.9;276.74;0.0;70.12;367.76;248.26;165.64;89.05;69.24;76.74;260.13;43.38;93.97;208.72;65.15;424.19;412.82;257.8;331.44;219.58;395.57;298.32;315.56;145.82;63.47;229.44;43.17;367.48;213.8;147.3;89.57;275.18;323.28;69.88;85.86;90.04;156.4;180.66;448.98;46.62;248.43;40.87;342.82;325.64;309.76;34.05;323.85;188.95;342.78;363.48;458.19;205.54;187.13;134.0;78.92;65.4;50.01;248.04;305.46;454.93
Mülheim an der Ruhr;462.92;316.29;498.01;55.05;193.84;337.73;23.67;381.26;41.61;9.57;225.26;479.07;222.14;369.65;8.15;24.02;26.98;131.95;78.51;78.29;290.42;243.43;445.46;178.17;41.14;17.28;91.58;267.28;388.33;426.76;22.81;352.57;335.5;387.72;7.45;373.13;293.29;186.56;459.13;180.94;41.09;243.64;70.12;0.0;437.34;243.76;211.05;43.8;123.93;32.2;259.11;26.84;28.43;213.48;133.68;458.32;439.01;283.23;362.93;289.7;403.59;303.48;310.37;210.58;10.93;187.6;29.84;366.59;261.32;129.27;51.6;332.96;356.65;35.33;17.78;100.92;226.5;250.64;515.91;116.17;229.67;32.9;400.02;391.89;367.99;57.41;326.2;204.33;345.33;411.34;524.84;246.26;255.98;74.92;14.99;15.61;29.12;313.6;373.02;448.76
Potsdam;27.19;242.74;484.75;450.78;396.47;486.33;451.25;126.13;395.81;427.76;297.0;156.06;226.17;355.18;445.01;413.35;425.42;311.33;451.34;373.82;499.11;455.93;472.62;422.87;474.74;420.92;514.42;172.97;290.29;174.06;459.83;124.56;102.31;613.39;436.35;228.16;210.0;428.54;199.83;273.8;400.86;551.43;367.76;437.34;0.0;457.78;336.79;442.32;341.05;434.37;453.23;410.96;457.74;416.06;303.76;381.59;419.24;361.52;355.09;154.56;494.22;451.39;496.08;235.46;431.23;536.26;410.74;512.39;326.26;442.09;437.63;191.92;342.95;425.62;453.59;386.44;212.98;187.75;111.75;324.16;496.25;405.45;190.04;177.59;181.41;384.82;474.68;382.29;484.57;358.24;213.33;354.37;203.59;487.43;443.77;429.66;416.7;202.09;83.07;592.96
Ludwigshafen am Rhein;484.48;465.45;273.92;193.71;72.47;94.7;227.9;346.85;236.78;242.23;401.28;414.72;334.66;190.18;248.07;239.23;218.05;283.92;169.87;282.08;52.4;1.88;217.37;68.41;236.77;246.4;221.71;343.01;550.95;352.42;245.36;335.45;369.25;170.23;250.81;511.76;248.76;59.06;571.22;216.85;221.33;108.15;248.26;243.76;457.78;0.0;407.97;201.72;312.87;211.64;18.61;244.89;228.94;46.4;250.22;270.36;230.84;114.08;183.76;366.23;164.35;66.83;67.55;251.94;251.52;133.74;253.13;122.84;451.79;115.42;192.8;275.75;185.64;209.11;254.5;158.25;316.09;325.41;486.37;270.19;50.48;231.9;320.02;505.4;302.15;217.53;84.28;80.06;103.01;595.07;624.1;449.38;367.91;203.25;231.74;229.08;260.52;440.77;374.97;207.14
Oldenburg;355.43;126.49;605.25;259.85;338.75;490.37;234.58;346.9;188.25;204.73;39.83;443.09;133.08;456.07;214.17;196.84;222.02;125.64;278.27;137.41;460.16;406.9;563.19;340.85;249.48;196.38;301.06;183.63;181.55;412.4;229.28;314.0;256.86;572.64;204.87;182.12;307.61;350.34;277.04;221.05;204.04;442.23;165.64;211.05;336.79;407.97;0.0;247.12;96.69;233.48;417.61;190.66;239.44;364.94;162.63;533.33;536.03;391.69;450.9;190.62;541.82;450.25;473.91;212.34;200.21;392.84;183.81;521.93;50.31;312.83;250.45;337.6;440.22;229.23;216.94;252.6;160.98;180.64;442.22;137.95;413.07;197.84;398.35;218.26;365.43;199.63;477.06;339.08;495.28;200.41;345.35;41.7;137.94;285.89;225.43;216.42;182.06;146.79;309.06;611.52
Leverkusen;468.67;344.19;461.28;12.74;156.83;296.15;26.51;374.44;60.56;45.56;256.83;469.46;238.31;338.52;46.75;50.37;25.12;151.43;34.75;110.05;247.35;201.49;407.67;137.88;42.93;52.67;72.15;277.51;420.11;414.18;44.44;347.9;340.02;343.96;51.24;399.95;280.61;145.76;482.09;174.05;47.25;200.79;89.05;43.8;442.32;201.72;247.12;0.0;154.45;13.68;217.65;56.66;29.06;174.24;141.96;427.49;404.64;250.33;331.67;301.18;363.28;263.09;267.77;208.79;53.48;146.63;64.09;324.48;296.91;86.48;9.6;320.11;326.41;19.17;52.78;72.92;237.46;259.72;513.24;134.26;185.95;50.01;385.7;414.03;355.06;60.1;284.96;169.16;304.02;447.32;546.21;284.28;273.79;46.23;30.26;32.08;68.1;336.78;372.7;405.65
Osnabrück;364.4;192.37;524.91;167.07;245.2;397.81;146.2;315.18;94.1;116.0;102.41;415.44;114.99;379.49;128.94;105.49;129.47;43.21;183.66;45.68;364.81;311.89;479.41;245.19;164.78;107.4;215.48;168.7;265.77;373.58;145.09;282.83;244.63;476.24;119.11;249.32;251.2;254.69;336.82;145.84;109.14;345.97;69.24;123.93;341.05;312.87;96.69;154.45;0.0;141.14;323.35;99.83;151.87;270.96;79.09;462.07;457.78;307.12;373.72;186.72;452.71;358.32;379.45;152.22;113.86;298.1;94.43;429.16;144.57;216.19;156.59;287.12;364.13;135.77;134.21;156.25;130.9;156.41;433.92;47.25;316.46;104.44;353.3;270.5;319.47;103.29;384.69;247.2;403.27;294.41;403.43;137.24;142.96;196.55;136.89;125.78;95.38;191.99;291.17;518.0
Solingen;460.55;331.43;467.99;26.4;163.44;305.73;21.61;369.7;47.6;32.52;243.55;465.69;227.46;342.51;36.68;36.7;11.68;139.62;47.62;96.53;258.23;211.33;414.93;146.47;43.56;39.22;81.36;268.04;406.88;411.3;38.69;342.49;332.07;356.47;39.43;387.38;277.55;154.71;470.2;168.75;35.55;214.11;76.74;32.2;434.37;211.64;233.48;13.68;141.14;0.0;227.12;42.98;26.78;182.19;132.35;431.42;410.16;255.02;335.71;291.47;372.0;271.83;278.18;202.18;40.99;160.29;50.43;334.47;283.32;97.08;19.64;317.19;330.0;8.89;44.23;74.33;227.72;250.48;507.43;122.59;197.84;36.85;383.36;402.25;352.22;50.04;294.29;174.82;313.4;433.73;534.64;270.6;262.68;57.32;21.03;18.84;54.68;324.76;366.09;416.57
Heidelberg;479.72;470.67;255.35;210.09;79.18;78.62;243.99;339.73;250.19;257.17;409.35;404.3;339.27;173.99;263.7;253.53;233.06;292.76;186.48;294.25;47.75;17.89;198.86;81.69;253.63;261.0;239.84;344.66;556.53;342.05;261.6;329.95;367.08;167.15;266.06;515.71;243.42;72.79;572.58;220.38;235.05;122.71;260.13;259.11;453.23;18.61;417.61;217.65;323.35;227.12;0.0;259.04;245.27;52.73;258.05;252.76;212.48;102.12;167.7;367.42;146.79;48.35;56.35;253.96;266.54;151.86;267.21;108.12;460.48;131.82;208.57;268.38;170.29;224.18;270.4;170.5;319.49;327.43;477.79;279.66;66.94;245.83;309.73;507.43;293.38;230.31;67.35;82.97;86.38;602.2;624.08;459.17;371.74;220.9;247.47;244.21;274.83;444.58;370.21;194.87
Herne;436.45;291.68;490.58;69.37;188.87;337.36;46.71;357.39;16.81;17.47;202.03;455.85;195.33;357.74;34.12;6.37;31.85;105.19;89.55;54.41;293.71;244.36;439.35;177.35;67.4;9.96;116.39;240.56;365.4;404.68;49.65;328.17;309.28;396.09;25.48;348.22;271.74;186.3;433.29;158.28;25.21;256.11;43.38;26.84;410.96;244.89;190.66;56.66;99.83;42.98;259.04;0.0;52.71;210.69;107.61;445.84;429.49;273.31;351.16;262.9;400.86;301.36;312.28;186.04;20.63;203.2;8.3;367.13;240.61;133.86;61.12;311.28;344.15;40.01;42.67;92.45;199.77;224.02;490.77;89.33;236.28;13.78;378.68;365.86;346.2;37.7;325.3;197.38;344.45;390.99;498.73;227.62;229.28;96.74;37.49;26.03;16.1;287.7;347.57;451.62
Neuss;483.69;344.1;490.22;35.24;185.84;323.57;6.51;395.69;64.01;35.88;253.51;492.05;246.57;367.35;26.11;47.95;32.75;157.01;59.33;106.2;273.24;228.8;436.47;166.28;17.28;44.48;63.73;289.6;416.67;437.92;16.58;368.11;355.54;365.97;34.7;400.78;304.16;173.93;485.97;194.63;56.89;219.49;93.97;28.43;457.74;228.94;239.44;29.06;151.87;26.78;245.27;52.71;0.0;202.89;154.37;456.32;433.69;279.3;360.52;312.58;391.36;291.22;294.29;227.15;39.24;161.75;57.45;351.44;289.72;113.53;38.65;343.81;355.12;35.28;27.85;100.36;248.98;272.43;532.72;140.59;210.12;53.4;410.08;418.48;378.86;73.11;312.62;198.22;331.62;439.69;551.3;274.39;281.07;46.76;15.24;28.66;57.53;340.38;390.83;431.26
Darmstadt;442.97;419.32;288.13;168.44;26.57;127.92;200.73;309.12;200.66;210.54;356.7;383.0;288.36;180.73;218.81;205.5;186.79;240.04;146.31;243.02;97.93;44.87;233.72;37.24;213.32;213.56;208.04;296.89;504.95;321.0;218.68;295.33;325.29;216.57;220.09;465.39;208.98;31.84;525.11;170.45;186.09;138.51;208.72;213.48;416.06;46.4;364.94;174.24;270.96;182.19;52.73;210.69;202.89;0.0;205.41;267.11;235.72;93.84;173.85;320.24;190.34;90.69;109.08;205.79;220.01;145.16;218.7;158.78;407.76;92.92;164.79;238.95;172.56;178.17;226.27;119.96;269.7;279.2;450.61;226.99;80.82;197.18;288.67;459.14;267.73;180.01;115.31;34.46;134.36;549.83;578.5;406.52;321.52;185.47;203.06;198.15;226.7;394.38;333.72;247.04
Paderborn;329.51;220.14;446.77;152.12;178.88;328.65;147.86;253.61;92.09;124.12;151.3;353.4;98.88;300.53;141.45;109.67;122.56;37.9;158.93;82.25;302.6;248.97;402.43;186.01;171.2;117.57;213.61;135.7;303.64;306.08;156.09;223.12;201.82;418.8;133.09;271.64;177.66;195.23;346.15;67.36;97.67;302.44;65.15;133.68;303.76;250.22;162.63;141.96;79.09;132.35;258.05;107.61;154.37;205.41;0.0;383.01;379.12;230.25;294.82;159.23;379.21;288.25;314.35;82.35;128.12;264.94;108.25;360.29;202.8;172.08;139.06;215.55;285.12;123.92;150.26;106.81;95.5;118.19;383.85;33.4;263.2;101.7;282.96;277.78;249.4;82.31;315.26;177.48;333.24;344.96;408.07;204.24;135.04;188.14;140.13;126.04;115.13;203.48;240.31;450.33
Regensburg;400.53;525.37;104.88;425.24;275.13;214.99;452.51;259.39;431.01;452.39;507.43;254.85;409.4;88.98;465.38;442.57;431.95;419.65;406.45;455.53;269.68;269.07;113.65;302.69;469.91;452.21;473.3;378.62;605.93;210.11;470.1;276.31;347.11;333.4;463.38;548.34;232.2;298.83;564.76;316.57;421.21;372.22;424.19;458.32;381.59;270.36;533.33;427.49;462.07;431.42;252.76;445.84;456.32;267.11;383.01;0.0;56.52;177.88;95.84;390.22;169.4;211.02;249.12;321.12;461.43;403.86;452.29;220.18;559.54;357.29;418.0;215.92;101.73;424.87;474.37;357.64;380.64;370.42;343.54;415.79;319.56;432.4;191.69;516.25;207.24;408.59;212.85;260.13;206.54;667.92;592.71;572.0;425.66;448.77;451.98;442.92;461.22;485.24;314.26;262.44
Ingolstadt;440.04;541.29;71.15;400.85;248.38;164.37;430.53;294.0;415.78;434.01;513.53;303.11;418.76;80.36;445.54;425.57;412.14;416.76;380.28;445.73;222.56;229.79;58.72;272.69;445.98;434.88;443.76;394.59;624.39;253.09;448.44;306.06;373.22;278.04;444.68;569.3;248.29;267.44;594.04;315.37;404.38;327.28;412.82;439.01;419.24;230.84;536.03;404.64;457.78;410.16;212.48;429.49;433.69;235.72;379.12;56.52;0.0;156.18;85.18;409.04;113.32;167.04;200.4;326.74;443.34;364.24;436.53;166.1;566.5;328.35;395.04;240.53;96.35;404.42;454.06;338.32;390.81;384.08;391.37;410.66;277.91;415.77;230.24;541.41;239.37;393.31;164.17;235.49;155.33;683.81;626.81;576.08;439.1;420.89;431.1;423.42;445.34;503.2;346.47;206.14
Würzburg;387.22;418.08;219.19;247.59;97.65;125.99;275.78;242.57;259.67;278.02;374.21;302.38;287.81;89.28;289.92;269.41;256.46;268.13;228.57;291.26;142.06;112.31;172.31;126.72;292.44;278.75;295.86;278.4;504.07;240.2;293.55;236.97;284.29;252.05;288.75;455.82;153.09;124.25;500.3;172.45;248.2;222.04;257.8;283.23;361.52;114.08;391.69;250.33;307.12;255.02;102.12;273.31;279.3;93.84;230.25;177.88;156.18;0.0;82.34;298.32;154.6;89.89;135.32;194.61;287.3;238.19;280.37;154.47;427.38;180.07;240.78;171.5;79.37;248.94;298.62;182.37;262.81;263.62;377.49;259.92;163.53;259.6;207.97;438.91;193.43;237.23;113.7;82.25;125.67;557.3;545.87;432.9;314.95;270.99;275.84;267.67;289.16;385.54;278.78;241.86
Fürth;378.2;458.2;155.42;329.42;179.93;152.79;356.75;229.16;336.67;357.18;428.41;262.22;334.14;6.94;369.89;347.7;336.43;332.3;310.78;363.66;194.79;182.24;123.23;208.38;374.07;357.27;378.18;312.12;542.13;203.75;374.37;235.05;297.34;283.26;368.11;488.41;167.67;205.18;518.83;230.43;326.35;290.26;331.44;362.93;355.09;183.76;450.9;331.67;373.72;335.71;167.7;351.16;360.52;173.85;294.82;95.84;85.18;82.34;0.0;327.84;140.22;134.14;178.96;241.74;366.3;314.94;357.81;170.19;481.41;262.31;322.17;166.8;12.63;329.25;378.82;262.11;306.42;300.76;346.19;326.76;234.16;337.62;174.89;463.27;174.08;314.19;145.65;164.55;147.13;600.43;556.09;490.91;355.47;353.31;356.33;347.48;366.71;421.08;277.07;240.53
Wolfsburg;177.68;136.23;480.09;311.17;295.8;420.99;306.08;162.36;248.94;280.19;152.23;254.08;71.73;330.94;296.96;266.07;281.41;159.6;316.27;221.45;415.16;364.57;450.65;315.2;329.0;272.72;372.8;24.57;215.87;230.56;312.49;131.0;66.37;534.54;287.8;160.57;160.76;322.89;205.16;152.59;256.44;442.66;219.58;289.7;154.56;366.23;190.62;301.18;186.72;291.47;367.42;262.9;312.58;320.24;159.23;390.22;409.04;298.32;327.84;0.0;450.74;381.15;419.31;114.72;282.51;414.99;261.61;451.23;192.93;319.3;298.05;175.27;315.41;283.11;304.95;256.76;63.75;43.24;253.34;173.96;394.0;259.26;223.2;140.98;193.74;241.47;407.78;286.17;422.29;278.05;259.18;216.26;52.68;347.34;297.89;283.96;266.73;95.03;118.93;539.99
Ulm;517.82;572.65;121.66;356.31;212.41;72.38;389.75;368.73;390.25;400.84;526.82;399.19;442.35;141.38;408.67;395.76;377.02;416.58;332.97;429.99;134.34;164.13;67.3;225.55;400.24;403.89;385.75;431.78;658.59;342.71;407.53;372.25;429.67;165.17;410.29;609.56;296.91;217.52;649.61;325.79;376.08;237.99;395.57;403.59;494.22;164.35;541.82;363.28;452.71;372.0;146.79;400.86;391.36;190.34;379.21;169.4;113.32;154.6;140.22;450.74;0.0;100.2;109.57;349.21;410.31;286.41;408.81;58.64;579.77;278.27;354.01;303.59;151.83;368.33;415.81;309.24;417.4;417.58;484.93;406.31;200.23;387.27;314.75;590.35;313.92;369.0;80.4;206.67;62.84;711.8;691.01;583.39;469.46;367.59;392.69;388.35;416.91;539.64;414.65;100.66
Heilbronn;477.11;493.19;207.12;256.22;114.2;40.85;289.56;331.98;291.28;300.88;438.66;386.21;361.38;139.6;308.5;296.14;276.98;324.62;233.01;332.73;60.7;66.22;150.54;125.36;300.33;304.1;288.04;359.74;579.46;324.72;307.36;326.86;372.36;162.22;310.22;534.96;242.5;117.33;585.26;242.05;276.77;161.25;298.32;303.48;451.39;66.83;450.25;263.09;358.32;271.83;48.35;301.36;291.22;90.69;288.25;211.02;167.04;89.89;134.14;381.15;100.2;0.0;46.83;271.36;310.33;197.93;309.38;72.42;490.86;178.34;253.81;261.17;139.56;268.25;315.61;210.43;339.04;343.62;464.55;312.94;111.05;287.86;293.09;522.12;281.59;270.44;27.32;111.26;45.03;628.57;633.1;491.95;391.72;268.64;292.5;288.28;317.35;463.94;368.6;162.9
Pforzheim;522.03;525.86;228.72;259.1;135.52;38.01;293.66;377.88;304.32;309.19;465.64;433.04;394.21;184.02;314.38;306.57;285.0;349.12;234.97;349.49;24.78;68.25;171.98;135.91;300.98;313.57;280.86;397.1;611.88;371.56;310.82;371.69;414.51;117.55;317.51;569.96;286.45;126.59;624.25;274.91;288.84;129.59;315.56;310.37;496.08;67.55;473.91;267.77;379.45;278.18;56.35;312.28;294.29;109.08;314.35;249.12;200.4;135.32;178.96;419.31;109.57;46.83;0.0;307.1;318.42;177.01;320.53;58.19;516.83;181.29;259.08;306.81;185.24;276.03;320.45;225.62;373.6;380.3;511.26;335.97;91.85;299.36;339.91;559.94;328.03;285.05;36.34;138.27;47.83;658.24;673.94;515.46;426.08;265.19;297.96;295.91;327.84;498.81;413.1;139.59
Göttingen;262.3;223.54;397.13;216.41;181.12;311.91;220.81;171.78;169.54;201.25;187.03;271.22;93.65;246.39;218.65;186.93;194.41;109.58;215.93;164.37;301.59;250.31;359.5;200.83;244.43;195.78;280.44;91.12;309.65;223.99;231.92;142.14;134.1;421.05;211.22;263.6;99.19;208.35;319.33;39.5;171.03;329.02;145.82;210.58;235.46;251.94;212.34;208.79;152.22;202.18;253.96;186.04;227.15;205.79;82.35;321.12;326.74;194.61;241.74;114.72;349.21;271.36;307.1;0.0;206.63;305.11;187.99;342.92;239.83;209.54;203.37;135.04;230.4;193.3;227.97;151.17;68.28;73.51;305.64;113.42;279.41;177.69;201.8;253.55;168.05;154.42;298.48;171.93;314.19;363.0;373.76;250.92;120.76;252.96;214.33;200.39;195.56;192.6;163.95;432.9
Bottrop;456.62;306.23;503.16;65.2;199.61;345.14;34.61;377.91;37.16;9.49;214.81;476.25;214.23;372.97;15.19;20.45;33.49;123.9;88.21;68.34;298.82;251.14;451.06;185.25;50.91;10.9;101.94;260.41;377.77;424.75;31.43;348.76;329.66;397.35;5.4;363.17;291.61;193.83;449.67;178.45;40.94;253.94;63.47;10.93;431.23;251.52;200.21;53.48;113.86;40.99;266.54;20.63;39.24;220.01;128.12;461.43;443.34;287.3;366.3;282.51;410.31;310.33;318.42;206.63;0.0;198.28;21.01;374.28;250.48;137.72;60.63;331.2;359.7;42.41;22.45;105.03;219.63;244.06;511.4;108.61;238.82;30.75;398.5;382.61;366.17;56.12;333.44;209.42;352.6;400.46;515.6;235.33;247.65;85.83;25.82;22.54;18.56;304.24;368.17;457.13
Trier;563.44;481.83;403.21;134.03;151.78;214.13;164.61;442.03;204.63;191.5;399.44;523.37;363.3;321.61;187.52;196.86;171.39;286.27;114.6;255.44;152.25;134.94;346.2;120.42;159.67;199.1;120.61;390.42;561.49;462.11;176.72;423.18;437.76;213.7;194.85;535.47;340.41;118.51;610.74;265.61;189.06;62.35;229.44;187.6;536.26;133.74;392.84;146.63;298.1;160.29;151.86;203.2;161.75;145.16;264.94;403.86;364.24;238.19;314.94;414.99;286.41;197.93;177.01;305.11;198.28;0.0;210.72;233.4;442.18;95.78;142.48;374.95;315.29;163.76;189.22;159.21;354.36;371.75;585.19;269.21;87.24;195.04;430.14;542.43;406.39;195.82;207.98;169.23;223.83;592.41;671.32;430.68;399.44;117.72;172.63;178.47;214.42;468.32;457.32;296.11
Recklinghausen;436.04;286.68;497.95;76.73;196.7;345.5;51.82;359.64;21.46;21.58;196.24;458.46;193.21;364.36;35.98;14.47;39.63;102.89;97.43;48.76;302.0;252.59;446.91;185.52;70.98;12.98;121.1;239.62;359.52;407.93;52.13;330.07;309.35;404.33;26.39;343.43;275.37;194.5;429.28;161.54;32.81;264.05;43.17;29.84;410.74;253.13;183.81;64.09;94.43;50.43;267.21;8.3;57.45;218.7;108.25;452.29;436.53;280.37;357.81;261.61;408.81;309.38;320.53;187.99;21.01;210.72;0.0;375.31;233.89;142.16;68.98;314.8;350.64;48.02;43.38;100.1;198.85;223.39;491.98;87.67;244.56;21.53;382.31;362.07;349.65;43.71;333.4;204.97;352.55;384.21;495.03;220.36;226.67;102.66;42.51;32.63;8.95;283.77;348.54;459.89
Reutlingen;537.31;565.31;180.23;316.21;184.02;31.66;350.58;389.52;358.27;364.96;510.93;432.22;433.55;173.46;370.9;361.59;340.8;396.38;292.2;401.75;82.04;123.17;125.67;189.8;358.6;368.96;339.05;430.36;651.58;372.85;367.93;388.19;438.64;114.77;373.63;606.4;306.7;180.83;654.38;314.33;343.16;181.66;367.48;366.59;512.39;122.84;521.93;324.48;429.16;334.47;108.12;367.13;351.44;158.78;360.29;220.18;166.1;154.47;170.19;451.23;58.64;72.42;58.19;342.92;374.28;233.4;375.31;0.0;563.02;238.06;315.61;320.52;179.64;331.88;377.25;278.28;410.84;414.62;515.01;384.3;149.7;353.95;342.76;592.17;336.49;338.23;45.14;182.9;28.95;700.98;700.33;563.61;463.51;323.24;354.55;351.87;382.89;535.5;430.51;90.49
Bremerhaven;341.86;93.35;636.69;309.65;381.32;531.37;284.82;354.75;237.58;254.9;53.24;446.55;150.62;486.16;264.48;246.74;271.8;167.87;327.59;186.95;504.16;450.64;597.16;385.6;299.79;246.52;351.37;192.33;133.35;422.34;279.59;322.65;258.41;618.26;255.17;143.26;329.32;395.04;238.97;255.0;253.16;490.51;213.8;261.32;326.26;451.79;50.31;296.91;144.57;283.32;460.48;240.61;289.72;407.76;202.8;559.54;566.5;427.38;481.41;192.93;579.77;490.86;516.83;239.83;250.48;442.18;233.89;563.02;0.0;360.36;299.98;355.4;470.18;278.83;267.24;298.73;179.61;194.22;435.6;182.06;459.46;247.39;411.86;186.45;380.16;247.86;517.94;380.28;535.78;150.41;306.82;31.09;142.93;336.12;275.65;266.45;232.3;125.67;311.07;653.12
Koblenz;469.23;391.49;380.76;78.31;82.43;210.05;112.52;353.13;128.91;128.7;314.02;439.67;269.3;269.25;133.1;127.78;104.63;197.34;54.7;178.35;161.15;115.27;325.83;55.72;121.99;133.8;116.03;294.74;473.37;379.96;129.94;332.06;342.71;262.83;136.51;443.7;252.32;61.94;516.41;170.07;112.67;131.24;147.3;129.27;442.09;115.42;312.83;86.48;216.19;97.08;131.82;133.86;113.53;92.92;172.08;357.29;328.35;180.07;262.31;319.3;278.27;178.34;181.29;209.54;137.72;95.78;142.16;238.06;360.36;0.0;77.82;289.08;259.2;95.63;139.21;65.27;259.1;276.06;496.15;180.94;102.59;121.99;348.91;448.22;322.25;113.57;199.16;98.64;218.12;509.03;576.22;352.83;305.29;92.58;116.66;115.19;148.68;375.34;364.42;319.49
Bergisch Gladbach;464.1;344.87;451.72;13.19;147.24;287.12;35.95;367.73;62.53;52.11;258.75;462.24;236.42;329.02;55.31;54.75;29.36;150.89;28.45;113.06;238.9;192.54;398.15;128.54;52.16;58.46;77.07;274.19;421.8;406.56;53.94;341.59;335.39;336.85;58.93;400.26;273.14;136.51;481.3;167.89;47.78;195.08;89.57;51.6;437.63;192.8;250.45;9.6;156.59;19.64;208.57;61.12;38.65;164.79;139.06;418.0;395.04;240.78;322.17;298.05;354.01;253.81;259.08;203.37;60.63;142.48;68.98;315.61;299.98;77.82;0.0;312.55;316.96;21.29;61.85;64.22;234.44;256.22;507.1;133.62;178.21;52.61;377.87;413.11;347.45;58.52;275.85;159.57;294.93;450.34;544.97;288.22;272.14;49.81;38.94;38.4;73.89;336.25;367.11;397.24
Jena;216.82;311.32;310.46;324.34;224.66;294.9;338.02;71.39;294.47;324.32;306.03;150.97;205.82;168.02;341.09;310.79;312.08;244.63;316.06;297.69;312.2;273.87;288.6;254.97;360.74;320.38;386.76;166.27;390.37;94.12;352.07;68.66;132.73;423.37;335.13;332.42;39.7;258.34;353.65;153.34;291.89;377.45;275.18;332.96;191.92;275.75;337.6;320.11;287.12;317.19;268.38;311.28;343.81;238.95;215.55;215.92;240.53;171.5;166.8;175.27;303.59;261.17;306.81;135.04;331.2;374.95;314.8;320.52;355.4;289.08;312.55;0.0;154.27;308.54;350.74;250.04;177.09;161.35;211.69;247.85;319.47;300.69;67.64;301.43;35.06;275.59;283.54;208.09;292.86;453.31;389.3;372.47;215.21;358.56;333.33;320.34;323.12;270.19;111.07;401.47
Erlangen;366.21;446.06;167.03;324.59;176.8;160.81;351.18;217.13;329.4;350.66;417.25;252.6;322.49;16.0;363.74;340.85;330.33;322.43;306.55;355.15;199.91;184.05;135.82;206.09;369.01;350.49;374.75;299.85;529.85;193.43;368.69;222.59;284.71;291.85;361.66;475.97;155.13;203.44;506.2;220.16;319.49;293.0;323.28;356.65;342.95;185.64;440.22;326.41;364.13;330.0;170.29;344.15;355.12;172.56;285.12;101.73;96.35;79.37;12.63;315.41;151.83;139.56;185.24;230.4;359.7;315.29;350.64;179.64;470.18;259.2;316.96;154.27;0.0;323.33;372.77;256.05;294.65;288.64;335.8;317.31;236.12;330.69;164.03;450.67;162.15;306.96;152.93;160.84;155.66;588.37;543.55;480.06;343.45;349.45;350.47;341.27;359.57;408.77;264.66;251.87
Remscheid;451.82;325.07;462.91;31.44;158.59;302.79;29.68;360.85;41.69;33.17;238.07;456.92;219.56;336.02;41.2;33.64;9.0;132.32;49.61;91.88;256.57;208.73;410.21;143.02;52.26;38.32;89.7;259.61;401.27;402.65;45.82;333.6;323.31;356.75;41.97;380.79;268.89;151.51;462.97;159.87;28.09;216.1;69.88;35.33;425.62;209.11;229.23;19.17;135.77;8.89;224.18;40.01;35.28;178.17;123.92;424.87;404.42;248.94;329.25;283.11;368.33;268.25;276.03;193.3;42.41;163.76;48.02;331.88;278.83;95.63;21.29;308.54;323.33;0.0;49.68;67.32;219.36;241.97;498.54;115.18;197.42;31.45;374.81;394.94;343.59;41.65;291.15;169.37;310.3;429.21;527.18;266.93;254.92;64.9;27.18;20.05;53.52;317.64;357.21;414.84
Moers;479.02;326.24;512.2;61.74;207.67;348.92;26.94;398.85;58.56;26.76;233.84;496.78;236.54;385.57;9.67;41.06;42.46;146.21;86.0;89.21;299.8;254.27;459.16;190.28;32.71;32.7;84.17;282.86;396.16;444.54;12.85;370.03;351.94;393.73;17.24;383.38;311.07;198.34;470.74;198.67;58.86;247.3;85.86;17.78;453.59;254.5;216.94;52.78;134.21;44.23;270.4;42.67;27.85;226.27;150.26;474.37;454.06;298.62;378.82;304.95;415.81;315.61;320.45;227.97;22.45;189.22;43.38;377.25;267.24;139.21;61.85;350.74;372.77;49.68;0.0;116.73;242.08;266.49;533.12;131.04;237.39;50.48;417.8;403.92;385.77;75.19;337.69;218.88;356.77;416.51;536.93;250.4;269.78;72.7;23.23;31.83;39.41;325.47;390.06;458.01
Siegen;413.37;326.41;398.4;74.93;96.85;247.75;95.83;307.93;81.01;95.69;250.84;400.48;204.33;268.85;107.79;87.91;74.32;133.21;66.85;123.86;209.47;157.43;346.91;89.88;115.71;96.89;136.74;232.23;408.76;343.76;112.94;283.45;285.27;320.05;106.38;378.43;210.98;99.33;451.67;112.7;67.3;195.99;90.04;100.92;386.44;158.25;252.6;72.92;156.25;74.33;170.5;92.45;100.36;119.96;106.81;357.64;338.32;182.37;262.11;256.76;309.24;210.43;225.62;151.17;105.03;159.21;100.1;278.28;298.73;65.27;64.22;250.04;256.05;67.32;116.73;0.0;195.33;213.61;449.12;117.37;160.73;78.68;314.57;383.4;284.73;60.05;235.25;104.94;254.31;446.09;512.13;293.47;240.41;108.53;94.49;85.4;108.54;310.12;312.02;365.11
Hildesheim;237.67;155.28;461.68;247.53;244.07;379.7;242.47;189.36;185.51;216.96;129.07;288.42;29.0;310.63;233.89;202.75;217.69;98.36;253.18;160.87;366.81;314.54;426.06;260.17;265.49;209.66;309.05;40.78;241.38;252.69;249.26;156.36;114.01;486.09;224.87;196.37;149.71;268.44;258.49;99.26;192.72;385.32;156.4;226.5;212.98;316.09;160.98;237.46;130.9;227.72;319.49;199.77;248.98;269.7;95.5;380.64;390.81;262.81;306.42;63.75;417.4;339.04;373.6;68.28;219.63;354.36;198.85;410.84;179.61;259.1;234.44;177.09;294.65;219.36;242.08;195.33;0.0;25.62;303.01;111.51;339.4;195.73;237.46;190.99;204.45;177.72;366.24;236.7;382.19;295.37;317.14;195.41;52.68;283.64;234.36;220.39;204.35;125.21;160.53;500.96
Salzgitter;212.71;157.45;455.2;269.38;254.32;383.92;265.92;166.85;209.38;241.07;146.18;264.96;48.02;304.5;258.13;226.76;240.75;123.75;273.72;186.28;375.08;323.79;422.17;272.79;289.12;233.94;331.63;18.67;242.07;231.76;273.32;133.82;88.4;494.55;249.26;192.21;138.22;280.64;246.02;110.11;215.85;399.8;180.66;250.64;187.75;325.41;180.64;259.72;156.41;250.48;327.43;224.02;272.43;279.2;118.19;370.42;384.08;263.62;300.76;43.24;417.58;343.62;380.3;73.51;244.06;371.75;223.39;414.62;194.22;276.06;256.22;161.35;288.64;241.97;266.49;213.61;25.62;0.0;277.53;136.44;351.78;219.4;218.53;180.04;186.25;200.45;370.57;245.43;385.77;299.76;301.79;212.68;55.28;305.74;258.0;243.96;229.12;122.07;135.44;504.15
Cottbus;105.93;354.16;448.12;519.84;436.06;493.58;526.41;143.21;474.56;506.49;402.8;88.7;321.9;344.1;523.93;492.08;499.97;399.09;515.92;460.98;519.55;484.49;449.18;465.93;550.0;500.64;583.87;266.62;400.74;142.45;537.48;165.7;189.81;624.77;516.16;339.13;244.78;469.68;299.8;339.23;476.66;589.12;448.98;515.91;111.75;486.37;442.22;513.24;433.92;507.43;477.79;490.77;532.72;450.61;383.85;343.54;391.37;377.49;346.19;253.34;484.93;464.55;511.26;305.64;511.4;585.19;491.98;515.01;435.6;496.15;507.1;211.69;335.8;498.54;533.12;449.12;303.01;277.53;0.0;409.39;531.01;483.1;172.34;287.52;184.4;460.06;483.8;419.67;489.67;468.42;295.92;462.8;305.41;555.89;519.97;506.02;498.97;312.86;143.82;585.59
Gütersloh;349.11;212.72;477.68;145.9;200.83;352.81;134.2;282.84;76.62;106.77;133.48;383.04;106.07;332.59;123.21;93.02;111.49;17.3;157.56;51.93;322.47;269.1;432.21;203.57;156.33;99.03;203.05;152.19;292.8;337.36;138.97;251.56;223.61;436.23;113.93;267.2;210.4;213.03;347.83;100.73;87.13;312.15;46.62;116.17;324.16;270.19;137.95;134.26;47.25;122.59;279.66;89.33;140.59;226.99;33.4;415.79;410.66;259.92;326.76;173.96;406.31;312.94;335.97;113.42;108.61;269.21;87.67;384.3;182.06;180.94;133.62;247.85;317.31;115.18;131.04;117.37;111.51;136.44;409.39;0.0;277.86;87.42;315.02;279.77;281.34;75.25;339.57;201.68;357.96;328.73;412.05;179.54;140.53;179.9;125.51;112.02;92.87;202.64;265.57;473.68
Kaiserslautern;523.24;482.75;316.03;175.72;100.26;127.86;210.48;389.86;231.44;230.11;411.22;461.76;354.79;240.55;232.5;230.14;206.35;293.23;151.54;280.41;67.68;52.08;259.02;79.23;214.6;235.74;190.11;370.02;566.82;399.54;226.67;376.07;403.86;160.39;237.06;532.06;289.79;71.14;597.42;241.68;215.23;58.86;248.43;229.67;496.25;50.48;413.07;185.95;316.46;197.84;66.94;236.28;210.12;80.82;263.2;319.56;277.91;163.53;234.16;394.0;200.23;111.05;91.85;279.41;238.82;87.24;244.56;149.7;459.46;102.59;178.21;319.47;236.12;197.42;237.39;160.73;339.4;351.78;531.01;277.86;0.0;224.56;367.13;530.33;347.56;215.25;121.0;113.98;137.42;606.43;653.15;453.64;389.58;176.49;216.05;216.44;250.83;461.84;414.17;222.21
Witten;431.2;294.64;476.8;62.63;175.19;324.06;46.94;348.39;10.94;23.75;206.82;446.32;193.25;344.22;41.01;10.42;25.19;104.1;80.56;60.45;281.08;231.34;425.57;164.15;69.76;20.3;115.7;236.41;370.11;394.36;54.59;319.67;303.42;384.66;34.44;350.7;261.06;173.17;434.17;148.26;11.43;246.34;40.87;32.9;405.45;231.9;197.84;50.01;104.44;36.85;245.83;13.78;53.4;197.18;101.7;432.4;415.77;259.6;337.62;259.26;387.27;287.86;299.36;177.69;30.75;195.04;21.53;353.95;247.39;121.99;52.61;300.69;330.69;31.45;50.48;78.68;195.73;219.4;483.1;87.42;224.56;0.0;367.92;366.38;335.69;25.37;311.93;183.6;331.08;397.76;499.0;235.79;227.95;93.58;38.64;24.74;29.86;288.62;340.33;438.8
Zwickau;209.94;358.15;294.75;389.33;278.38;321.29;404.4;69.57;361.88;391.48;364.7;94.7;265.35;173.37;408.14;378.07;378.65;311.18;379.71;365.16;349.47;318.17;285.36;309.78;426.87;387.7;450.9;219.66;431.66;32.42;418.8;93.97;167.04;452.56;402.35;370.84;106.95;311.84;376.09;220.94;358.94;425.93;342.82;400.02;190.04;320.02;398.35;385.7;353.3;383.36;309.73;378.68;410.08;288.67;282.96;191.69;230.24;207.97;174.89;223.2;314.75;293.09;339.91;201.8;398.5;430.14;382.31;342.76;411.86;348.91;377.87;67.64;164.03;374.81;417.8;314.57;237.46;218.53;172.34;315.02;367.13;367.92;0.0;332.77;33.83;342.73;311.67;261.02;317.34;497.24;401.21;431.21;269.26;422.79;399.98;387.16;390.66;315.18;125.66;415.29
Schwerin;182.47;93.36;611.75;425.58;434.02;561.96;412.3;263.62;355.45;383.11;183.25;328.31;179.13;465.71;397.8;370.55;391.0;262.64;435.62;314.73;555.1;503.78;586.5;451.12;433.01;374.71;481.89;162.86;113.3;328.9;414.04;240.88;169.14;674.57;387.99;53.49;295.82;459.31;68.38;289.19;366.88;576.0;325.64;391.89;177.59;505.4;218.26;414.03;270.5;402.25;507.43;365.86;418.48;459.14;277.78;516.25;541.41;438.91;463.27;140.98;590.35;522.12;559.94;253.55;382.61;542.43;362.07;592.17;186.45;448.22;413.11;301.43;450.67;394.94;403.92;383.4;190.99;180.04;287.52;279.77;530.33;366.38;332.77;0.0;310.21;354.59;548.76;425.45;563.22;180.91;133.0;217.53;143.0;459.57;403.24;390.46;364.58;78.52;207.79;680.73
Gera;204.14;329.61;307.03;359.17;255.18;312.79;373.08;55.28;329.4;359.33;332.3;117.45;232.59;173.9;376.12;345.77;347.14;277.38;350.54;331.64;335.44;300.28;291.49;286.05;395.78;355.34;421.4;188.45;405.38;59.12;387.14;69.38;141.81;443.08;370.12;345.53;74.76;288.86;357.53;188.12;326.93;406.02;309.76;367.99;181.41;302.15;365.43;355.06;319.47;352.22;293.38;346.2;378.86;267.73;249.4;207.24;239.37;193.43;174.08;193.74;313.92;281.59;328.03;168.05;366.17;406.39;349.65;336.49;380.16;322.25;347.45;35.06;162.15;343.59;385.77;284.73;204.45;186.25;184.4;281.34;347.56;335.69;33.83;310.21;0.0;310.61;302.23;238.19;309.79;470.04;387.53;398.84;238.04;393.21;368.39;355.4;357.92;287.19;107.45;413.57
Iserlohn;410.88;287.37;455.39;71.1;156.61;307.77;66.67;324.26;22.5;48.75;203.68;421.77;178.24;320.73;65.56;35.74;40.6;92.55;82.6;65.26;268.08;216.8;404.99;149.14;90.29;45.59;131.33;218.01;365.78;369.36;77.7;295.98;282.56;375.61;59.68;342.31;235.93;158.47;422.78;123.61;16.65;242.69;34.05;57.41;384.82;217.53;199.63;60.1;103.29;50.04;230.31;37.7;73.11;180.01;82.31;408.59;393.31;237.23;314.19;241.47;369.0;270.44;285.05;154.42;56.12;195.82;43.71;338.23;247.86;113.57;58.52;275.59;306.96;41.65;75.19;60.05;177.72;200.45;460.06;75.25;215.25;25.37;342.73;354.59;310.61;0.0;295.29;163.49;314.36;397.48;486.49;239.33;213.8;106.31;59.91;46.0;52.65;277.8;317.85;424.63
Ludwigsburg;500.11;520.48;195.39;277.44;139.87;13.53;311.31;353.78;315.77;324.04;465.82;403.61;388.67;150.28;330.91;319.92;299.99;351.47;253.79;358.21;58.81;84.18;138.38;148.22;320.88;327.62;305.37;386.56;606.75;342.79;328.94;350.14;397.6;141.01;333.09;562.06;266.79;139.65;611.6;269.36;300.97;164.36;323.85;326.2;474.68;84.28;477.06;284.96;384.69;294.29;67.35;325.3;312.62;115.31;315.26;212.85;164.17;113.7;145.65;407.78;80.4;27.32;36.34;298.48;333.44;207.98;333.4;45.14;517.94;199.16;275.85;283.54;152.93;291.15;337.69;235.25;366.24;370.57;483.8;339.57;121.0;311.93;311.67;548.76;302.23;295.29;0.0;137.99;19.16;655.88;658.77;518.76;418.92;287.48;314.72;311.2;341.2;491.08;392.16;135.6
Hanau;409.27;387.77;293.74;165.77;17.64;151.3;195.05;277.41;185.34;199.98;328.46;354.63;256.31;171.48;210.57;192.84;177.36;213.49;146.35;223.35;130.1;78.41;241.97;49.4;210.79;201.7;213.91;262.97;473.69;293.09;212.98;262.38;290.91;249.44;210.33;432.81;176.49;50.83;491.17;137.5;172.21;170.34;188.95;204.33;382.29;80.06;339.08;169.16;247.2;174.82;82.97;197.38;198.22;34.46;177.48;260.13;235.49;82.25;164.55;286.17;206.67;111.26;138.27;171.93;209.42;169.23;204.97;182.9;380.28;98.64;159.57;208.09;160.84;169.37;218.88;104.94;236.7;245.43;419.67;201.68;113.98;183.6;261.02;425.45;238.19;163.49;137.99;0.0;156.28;520.16;544.19;380.77;288.85;188.77;195.81;188.73;213.46;361.7;300.21;272.85
Esslingen am Neckar;509.67;536.8;180.89;296.42;158.71;9.83;330.36;362.32;334.89;343.19;483.51;407.97;405.1;151.06;350.02;339.08;319.14;369.65;272.72;377.15;72.31;102.99;124.16;167.38;339.74;346.79;323.5;401.45;623.08;347.9;347.96;360.23;409.93;136.2;352.23;577.61;278.19;158.79;625.44;286.04;320.11;177.4;342.78;345.33;484.57;103.01;495.28;304.02;403.27;313.4;86.38;344.45;331.62;134.36;333.24;206.54;155.33;125.67;147.13;422.29;62.84;45.03;47.83;314.19;352.6;223.83;352.55;28.95;535.78;218.12;294.93;292.86;155.66;310.3;356.77;254.31;382.19;385.77;489.67;357.96;137.42;331.08;317.34;563.22;309.79;314.36;19.16;156.28;0.0;672.91;671.54;536.98;434.84;306.01;333.82;330.35;360.36;506.74;402.47;118.82
Flensburg;363.14;142.68;754.94;460.06;523.27;669.4;434.91;430.88;387.89;405.13;195.25;505.74;269.5;604.25;414.21;397.14;422.21;313.2;477.85;337.35;647.41;593.79;721.19;530.66;449.18;396.78;500.67;289.67;68.08;498.86;429.03;403.27;330.42;763.64;405.04;130.82;436.61;539.97;188.38;387.08;403.36;639.77;363.48;411.34;358.24;595.07;200.41;447.32;294.41;433.73;602.2;390.99;439.69;549.83;344.96;667.92;683.81;557.3;600.43;278.05;711.8;628.57;658.24;363.0;400.46;592.41;384.21;700.98;150.41;509.03;450.34;453.31;588.37;429.21;416.51;446.09;295.37;299.76;468.42;328.73;606.43;397.76;497.24;180.91;470.04;397.48;655.88;520.16;672.91;0.0;240.5;166.77;244.99;486.23;425.79;416.81;382.42;183.18;377.52;791.47
Stralsund;200.09;219.02;694.37;557.57;554.54;671.51;545.1;333.59;488.08;516.01;313.15;365.03;309.23;557.27;530.78;503.36;523.48;395.04;566.74;447.73;671.77;622.39;677.46;574.38;565.94;507.64;614.61;283.35;191.92;387.25;547.02;321.48;261.9;790.6;520.98;163.81;394.67;582.06;68.31;411.74;499.17;701.56;458.19;524.84;213.33;624.1;345.35;546.21;403.43;534.64;624.08;498.73;551.3;578.5;408.07;592.71;626.81;545.87;556.09;259.18;691.01;633.1;673.94;373.76;515.6;671.32;495.03;700.33;306.82;576.22;544.97;389.3;543.55;527.18;536.93;512.13;317.14;301.79;295.92;412.05;653.15;499.0;401.21;133.0;387.53;486.49;658.77;544.19;671.54;240.5;0.0;337.2;273.15;591.95;536.06;523.19;497.58;211.49;280.38;786.16
Wilhelmshaven;370.76;124.39;645.6;296.99;380.37;532.06;269.93;376.55;226.65;240.66;66.55;470.33;166.65;495.95;248.61;233.92;259.34;167.34;316.35;175.74;501.52;448.34;604.13;382.09;283.11;232.54;334.43;213.02;159.48;443.37;263.04;344.02;282.42;613.48;239.69;173.94;344.18;391.58;269.54;261.68;242.69;481.42;205.54;246.26;354.37;449.38;41.7;284.28;137.24;270.6;459.17;227.62;274.39;406.52;204.24;572.0;576.08;432.9;490.91;216.26;583.39;491.95;515.46;250.92;235.33;430.68;220.36;563.61;31.09;352.83;288.22;372.47;480.06;266.93;250.4;293.47;195.41;212.68;462.8;179.54;453.64;235.79;431.21;217.53;398.84;239.33;518.76;380.77;536.98;166.77;337.2;0.0;164.61;321.12;260.97;252.95;217.7;155.33;335.1;653.17
Celle;224.94;103.41;510.19;284.88;295.66;432.38;274.7;212.12;217.15;246.75;99.76;306.03;36.18;359.35;262.62;233.32;251.8;124.12;293.59;182.42;418.92;366.39;476.32;310.44;296.6;238.71;343.51;49.62;189.13;279.45;278.67;179.81;118.94;538.06;253.04;143.97;193.46;318.94;211.3;151.36;227.13;433.67;187.13;255.98;203.59;367.91;137.94;273.79;142.96;262.68;371.74;229.28;281.07;321.52;135.04;425.66;439.1;314.95;355.47;52.68;469.46;391.72;426.08;120.76;247.65;399.44;226.67;463.51;142.93;305.29;272.14;215.21;343.45;254.92;269.78;240.41;52.68;55.28;305.41;140.53;389.58;227.95;269.26;143.0;238.04;213.8;418.92;288.85;434.84;244.99;273.15;164.61;0.0;319.83;265.94;252.53;230.57;72.87;171.32;553.6
Düren;513.91;388.0;472.93;36.65;173.71;297.33;51.31;415.72;104.5;81.31;298.76;508.98;284.45;360.24;72.76;91.09;68.63;196.95;43.91;151.12;242.58;203.46;417.62;148.3;41.96;89.81;28.22;323.61;462.11;452.21;59.9;390.24;385.2;327.03;81.44;444.22;319.5;154.19;527.5;216.94;92.79;177.72;134.0;74.92;487.43;203.25;285.89;46.23;196.55;57.32;220.9;96.74;46.76;185.47;188.14;448.77;420.89;270.99;353.31;347.34;367.59;268.64;265.19;252.96;85.83;117.72;102.66;323.24;336.12;92.58;49.81;358.56;349.45;64.9;72.7;108.53;283.64;305.74;555.89;179.9;176.49;93.58;422.79;459.57;393.21;106.31;287.48;188.77;306.01;486.23;591.95;321.12;319.83;0.0;60.47;70.78;103.83;382.04;416.52;398.66
Ratingen;469.61;329.02;489.02;40.66;184.46;326.04;9.31;383.79;49.05;20.95;238.74;480.77;231.54;363.11;16.49;32.72;21.41;141.86;64.55;91.25;277.61;231.48;435.93;167.15;31.13;29.54;78.91;275.04;401.99;427.37;18.97;355.77;341.65;373.55;22.24;385.64;293.64;175.27;470.73;182.82;43.34;228.89;78.92;14.99;443.77;231.74;225.43;30.26;136.89;21.03;247.47;37.49;15.24;203.06;140.13;451.98;431.1;275.84;356.33;297.89;392.69;292.5;297.96;214.33;25.82;172.63;42.51;354.55;275.65;116.66;38.94;333.33;350.47;27.18;23.23;94.49;234.36;258.0;519.97;125.51;216.05;38.64;399.98;403.24;368.39;59.91;314.72;195.81;333.82;425.79;536.06;260.97;265.94;60.47;0.0;14.11;43.38;325.14;377.69;435.91
Velbert;455.51;317.36;482.42;44.47;178.31;322.83;22.21;370.13;35.4;13.7;228.04;467.35;217.94;354.2;22.5;20.32;11.41;128.55;66.45;80.44;276.28;228.71;429.92;163.07;45.17;20.63;91.44;261.05;391.42;414.31;31.86;341.96;327.53;375.25;21.94;373.75;280.64;171.56;458.1;169.28;29.36;232.84;65.4;15.61;429.66;229.08;216.42;32.08;125.78;18.84;244.21;26.03;28.66;198.15;126.04;442.92;423.42;267.67;347.48;283.96;388.35;288.28;295.91;200.39;22.54;178.47;32.63;351.87;266.45;115.19;38.4;320.34;341.27;20.05;31.83;85.4;220.39;243.96;506.02;112.02;216.44;24.74;387.16;390.46;355.4;46.0;311.2;188.73;330.35;416.81;523.19;252.95;252.53;70.78;14.11;0.0;36.03;312.51;363.65;434.6
Marl;441.83;287.73;506.6;80.48;204.96;353.21;52.52;367.3;30.4;23.02;196.26;466.31;197.66;373.27;33.55;21.3;44.73;107.42;102.22;49.99;309.02;260.02;455.43;193.16;69.43;15.46;120.5;245.06;359.26;416.11;49.72;337.53;315.57;410.27;23.73;344.71;283.74;202.06;431.51;169.8;41.27;268.78;50.01;29.12;416.7;260.52;182.06;68.1;95.38;54.68;274.83;16.1;57.53;226.7;115.13;461.22;445.34;289.16;366.71;266.73;416.91;317.35;327.84;195.56;18.56;214.42;8.95;382.89;232.3;148.68;73.89;323.12;359.57;53.52;39.41;108.54;204.35;229.12;498.97;92.87;250.83;29.86;390.66;364.58;357.92;52.65;341.2;213.46;360.36;382.42;497.58;217.7;230.57;103.83;43.38;36.03;0.0;286.15;355.4;467.07
Lüneburg;216.49;43.73;574.32;348.53;368.49;504.51;334.25;250.51;277.68;304.89;108.92;333.31;107.07;424.47;319.42;292.51;313.41;185.4;359.54;236.26;491.78;439.25;543.29;382.81;354.73;296.46;403.91;109.01;121.19;319.05;335.67;221.44;149.68;610.93;309.61;71.16;255.04;391.41;145.6;224.2;289.55;504.81;248.04;313.6;202.09;440.77;146.79;336.78;191.99;324.76;444.58;287.7;340.38;394.38;203.48;485.24;503.2;385.54;421.08;95.03;539.64;463.94;498.81;192.6;304.24;468.32;283.77;535.5;125.67;375.34;336.25;270.19;408.77;317.64;325.47;310.12;125.21;122.07;312.86;202.64;461.84;288.62;315.18;78.52;287.19;277.8;491.08;361.7;506.74;183.18;211.49;155.33;72.87;382.04;325.14;312.51;286.15;0.0;199.79;625.38
Dessau-Roßlau;109.54;243.51;414.47;380.08;314.8;403.97;384.45;56.12;331.52;363.55;271.06;135.49;181.77;277.81;380.98;349.1;358.11;255.43;378.21;317.19;416.04;373.12;397.36;341.99;408.08;357.48;444.17;126.91;310.56;121.76;394.87;42.47;52.7;530.48;373.02;248.54;126.93;347.29;250.86;199.85;334.35;469.95;305.46;373.02;83.07;374.97;309.06;372.7;291.17;366.09;370.21;347.57;390.83;333.72;240.31;314.26;346.47;278.78;277.07;118.93;414.65;368.6;413.1;163.95;368.17;457.32;348.54;430.51;311.07;364.42;367.11;111.07;264.66;357.21;390.06;312.02;160.53;135.44;143.82;265.57;414.17;340.33;125.66;207.79;107.45;317.85;392.16;300.21;402.47;377.52;280.38;335.1;171.32;416.52;377.69;363.65;355.4;199.79;0.0;512.43
Konstanz;617.0;655.62;186.6;396.32;272.91;122.08;431.09;468.05;443.88;448.0;601.18;499.67;523.91;241.93;452.39;445.84;423.84;486.12;372.06;488.96;158.34;207.83;149.6;275.49;436.59;452.65;410.95;519.57;741.9;443.37;447.84;469.96;524.26;105.57;456.0;696.17;391.52;266.18;742.04;404.78;428.35;236.48;454.93;448.76;592.96;207.14;611.52;405.65;518.0;416.57;194.87;451.62;431.26;247.04;450.33;262.44;206.14;241.86;240.53;539.99;100.66;162.9;139.59;432.9;457.13;296.11;459.89;90.49;653.12;319.49;397.24;401.47;251.87;414.84;458.01;365.11;500.96;504.15;585.59;473.68;222.21;438.8;415.29;680.73;413.57;424.63;135.6;272.85;118.82;791.47;786.16;653.17;553.6;398.66;435.91;434.6;467.07;625.38;512.43;0.0